index,source,url,title,body,created_at,upvote
0,swiggy,https://www.reddit.com/gallery/10bi50f,BEWARE- Swiggy ONE membership plans are different for everyone.,,1673679785.0,9
1,swiggy,https://www.reddit.com/r/swiggy/comments/r6bu6d/swiggy_super_is_a_scam/,Swiggy Super is a scam.,"I bought Swiggy Super 1 month subscription. The minimum order amount for free delivery was â‚¹149. Few days later they say they have upgraded Swiggy Super to Swiggy One with Swiggy One having minimum order amount as â‚¹199 for free delivery. Why the hell would I have to order for â‚¹199 to avail free discount when you said it is â‚¹149 while I was paying. Pasting their response to my complaint below:

Hi,

I donâ€™t want to be upgraded to Swiggy One. Please revert my subscription back to Swiggy Super, I donâ€™t want to order food for â‚¹199 to avail free delivery. 
I donâ€™t care about the extra 1 month you gave me. I just want to order for â‚¹149 and get free delivery, thatâ€™s what I signed up for.

Thanks. 


Hi <my_name>, 

Greetings from Swiggy. 

Unfortunately, we have discontinued the Super Plan and launched the new Swiggy One program with more benefits. Hence, we will be unable to proceed with extending Super benefits.

This is to inform you about the new Swiggy One program. The Swiggy One membership program offers unlimited free delivery* from participating restaurants (on orders above INR 149/199) as well as free delivery* from Instamart (on orders above INR 99). Swiggy One members will also get exclusive extra discounts over and above regular offers on select restaurants and will not be charged surge fees.

The Swiggy One membership is available on the latest version of your Swiggy app.

* Not applicable on long-distance orders.

Please feel free to contact us, if you require further assistance at www.swiggy.com/support.

Warm Regards,
Shahbaz Alam
Sxwiggy Support Team",1638354680.0,11
2,swiggy,https://www.reddit.com/r/swiggy/comments/qkyyra/cheated_by_swiggy_by_purchasing_super_swiggy/,Cheated by Swiggy by purchasing Super Swiggy Subscription.,"I purchased swiggy super for 3 months at 399 which includes one on one offers. Now when i buy one on one offer , the price is ridiculous it surpasses even with the amount in account with no super . One item is 20 rs in normal account but as soon as i see it in my super account it says 50 rs. WoW what a technique by restaurant owners. Now i feel cheated by swiggy. Next time i will not fall such scam.

  


[Look at this price.](https://iili.io/5YrG6l.jpg)",1635838271.0,8
3,swiggy,https://i.redd.it/pbdryfi0cyc91.jpg,is it just me or swiggy got really expensive ?,,1658422495.0,7
4,swiggy,https://i.redd.it/rangruy2utf81.jpg,Swiggy Pizza Delivery: What can I do?,,1643985071.0,8
5,swiggy,https://www.reddit.com/r/swiggy/comments/benx7u/fuck_swiggy/,Fuck swiggy,Fuck swiggy....the delivery boy is son of a bitch...he is a mother fucker...he was soooo rude. Couldnâ€™t deliver my order even after an hour...may dogs fuck his filthy ass,1555606630.0,7
6,swiggy,https://i.redd.it/5j4zvuv6s7ac1.jpeg,Trade offer! 300 inr,,1704282941.0,7
7,swiggy,https://www.reddit.com/r/swiggy/comments/1avk10w/swiggy_automatically_adding_20_tip_every_time_you/,"Swiggy automatically adding â‚¹20 tip every time you order. Even if you remove the default tip, it automatically adds them back on every order.","Every time, every order, every time you modify your order, Swiggy is automatically adding â‚¹20 tip without your consent. This is at all times in Bangalore . It started on Sunday 18th February 2024. It is not a glitch or an error. It is a programmed  in. If you remove the tip and you modify the order it adds the tips back in automatically. Very very very annoying.",1708442146.0,4
8,swiggy,https://www.reddit.com/r/swiggy/comments/18iwrpu/amazon_pay_wallet_payment_option_not_working/,Amazon Pay wallet payment option not working.," This week, I have encountered issues when attempting to make payments for Swiggy food orders using my Amazon Pay balance. The app crashes, asks for the delivery location again, and experiences other glitches. A complete reinstall and system reboot have not resolved the issue. However, when making payments using UPI mode, no issues arise. I have informed Swiggy about the problem through a Google review, but no action has been taken yet. Are you people facing the same fate?  
 ",1702634655.0,4
9,swiggy,https://www.reddit.com/r/swiggy/comments/17x2a7i/swiggy_is_absolutely_corrupt/,Swiggy is absolutely corrupt,"A friend has a restaurant on swiggy, on which he gets an option to mark food ready as soon as itâ€™s prepped, but swiggy on the customer app still shows as the food being prepared. It says rider will be assigned when the food is ready, in which case the customer thinks itâ€™s the restaurantâ€™s delay but the restaurant always marks things ready within 5-10 mins. And the worst part is if in this duration the customer cancels swiggy only refunds 80% and still deducts its commission despite failing to provide a delivery rider. The owner has food wastage, time wasted and doesnâ€™t even get compensated fairly. On top of all that customers are left with a bad impression. Not just this there are a plethora of incorrect practices the company does with its customers and restaurant partners. I wonder how people let it slide.",1700181247.0,3
10,swiggy,https://i.redd.it/d88jbrea5jt61.jpg,"Know your limits, and change your shit of an ad person. You have no right going about telling people where they belong, being an efood delivery (much less the couch) what the frying F!ðŸ˜ ðŸ¤¯. You just plain suck, swigs and it doesn't seem to be getting any better. PROMPTLY UNSUBSCRIBED.",,1618576457.0,5
11,swiggy,https://www.reddit.com/r/swiggy/comments/1axytwg/swiggy_restaurant_geo_tagging_issue/,Swiggy restaurant Geo tagging issue.,"I own an American franchised restaurant. There are multiple restaurants of the same brand in my city. My house is located closer to my restaurant. However when I search on swiggy, the competitor restaurant which is 1 km more than my restaurant is only showing. I am facing a serious business loss because of this Geo tagging issue. I have wrote multiple times to swiggy. Contacted them several times. However they just don't care. I have even emails the city head by one mine bother to reply. Is there any advice on what can be done. loosing a lot of customers ",1708689788.0,3
12,swiggy,https://www.reddit.com/gallery/19awyow,WHAT IS THAT ??,Some time back swiggy was offering costers and a pamphlet with instamart orders. Today I was tearing the paper which was glued on the coster and I found this weird sticker inside 2 layers of the paper ? Anyone knows what that is ?,1705706428.0,3
13,swiggy,https://www.reddit.com/r/swiggy/comments/18e7cm7/swiggy_scam_sending_old_packaged_items_and_then/,"Swiggy scam - sending old packaged items and then refusing any refund on same. They will send you on a rabbit hole , keep emailing the nonsense.","Swiggy scam - sending old packaged items and then refusing any refund on same. They Swiggy scam - sending old packaged items and then refusing any refund on same. They will send you on a rabbit hole , keep emailing the nonsense.will send you on a rabbit hole , keep emailing the nonsense.",1702103252.0,3
14,swiggy,https://www.reddit.com/gallery/17vokr8,Swiggy order has Zomato Stickers on it!,"I ordered food from swiggy and the restaurant has put zomato stickers on them. I am not complaining about it and just found this funny giving that both are competitors! Most likely they pack in a hurry. Haha. It was a good laugh and hope it's for you as well. Happy Diwali to you all. 
Thanks to the restaurant and swiggy delivery partners for delivering my food. They deserve it!",1700034135.0,3
15,swiggy,https://www.reddit.com/r/swiggy/comments/10ztn5c/push_notification/,Push Notification,"A little curious about how the userbase was picked for this one. 
[https://i.imgur.com/Na2pOPy.jpg](https://i.imgur.com/Na2pOPy.jpg)",1676138429.0,3
16,swiggy,https://www.reddit.com/r/swiggy/comments/o5odn9/dark_mode_issue_on_the_app/,Dark mode issue on the app?,after recent update to the android app swiggy no longer works with dark mode on miui is there any fixes?,1624371988.0,3
17,swiggy,https://www.reddit.com/r/swiggy/comments/c1zjwc/redeem_discount/,Redeem discount,Register on Swiggy with YM4CO2 and earn Rs.100. Download on m.onelink.me/35d90233,1560845486.0,3
18,swiggy,https://www.reddit.com/r/swiggy/comments/193vd7o/i_know_a_really_good_juice_shop_i_want_to_partner/,"i know a really good juice shop i want to partner with swiggy, how do i get swiggy to contact them ?",i could not find an email or phone number to call and tell them about this shop ,1704955616.0,2
19,swiggy,https://timesofindia.indiatimes.com/gadgets-news/swiggy-launches-pockethero-offers-up-to-60-discount-and-other-feature-details/articleshow/106081158.cms,Swiggy launches Pockethero: Offers up to 60% discount and other feature details - Times of India,,1702894625.0,2
